{
	"format_version": "1.21.20",
	"minecraft:geometry": [
		{
			"description": {
				"identifier": "geometry.control_door",
				"texture_width": 32,
				"texture_height": 32,
				"visible_bounds_width": 3,
				"visible_bounds_height": 2.5,
				"visible_bounds_offset": [0, 0.75, 0]
			},
			"bones": [
				{
					"name": "bone",
					"pivot": [-0.32812, 8.04688, 7.25],
					"rotation": [0, 90, 0],
					"cubes": [
						{
							"origin": [-1, 0.75, 3.5],
							"size": [0.5, 11, 7.5],
							"uv": {
								"north": {"uv": [10, 14], "uv_size": [0.5, 11]},
								"east": {"uv": [0, 0], "uv_size": [7.5, 11]},
								"south": {"uv": [11, 14], "uv_size": [0.5, 11]},
								"west": {"uv": [25, 0], "uv_size": [25, 34.375]},
								"up": {"uv": [17, 14], "uv_size": [0.5, 7.5]},
								"down": {"uv": [18, 7.5], "uv_size": [0.5, -7.5]}
							}
						},
						{
							"origin": [-1, 11.75, 3.75],
							"size": [0.5, 0.25, 7],
							"uv": {
								"north": {"uv": [19, 19], "uv_size": [0.5, 0.25]},
								"east": {"uv": [18, 8], "uv_size": [7, 0.25]},
								"south": {"uv": [20, 0], "uv_size": [0.5, 0.25]},
								"west": {"uv": [18, 9], "uv_size": [7, 0.25]},
								"up": {"uv": [7, 18], "uv_size": [0.5, 7]},
								"down": {"uv": [8, 25], "uv_size": [0.5, -7]}
							}
						},
						{
							"origin": [-1, 0, 4.25],
							"size": [0.5, 0.75, 6],
							"uv": {
								"north": {"uv": [19, 17], "uv_size": [0.5, 0.75]},
								"east": {"uv": [16, 10], "uv_size": [6, 0.75]},
								"south": {"uv": [19, 18], "uv_size": [0.5, 0.75]},
								"west": {"uv": [50, 28.125], "uv_size": [18.75, 3.125]},
								"up": {"uv": [18.75, 53.125], "uv_size": [3.125, 18.75]},
								"down": {"uv": [9, 24], "uv_size": [0.5, -6]}
							}
						},
						{
							"origin": [-0.5, 7, 3.5],
							"size": [1, 4.75, 0.75],
							"uv": {
								"north": {"uv": [16, 0], "uv_size": [1, 4.75]},
								"east": {"uv": [68.75, 25], "uv_size": [3.125, 15.625]},
								"south": {"uv": [16, 5], "uv_size": [1, 4.75]},
								"west": {"uv": [17, 5], "uv_size": [0.75, 4.75]},
								"up": {"uv": [14, 19], "uv_size": [1, 0.75]},
								"down": {"uv": [19, 14.75], "uv_size": [1, -0.75]}
							}
						},
						{
							"origin": [-0.5, 7, 10.25],
							"size": [1, 4.75, 0.75],
							"uv": {
								"north": {"uv": [16, 14], "uv_size": [1, 4.75]},
								"east": {"uv": [68.75, 56.25], "uv_size": [3.125, 15.625]},
								"south": {"uv": [17, 0], "uv_size": [1, 4.75]},
								"west": {"uv": [6, 18], "uv_size": [0.75, 4.75]},
								"up": {"uv": [15, 19], "uv_size": [1, 0.75]},
								"down": {"uv": [19, 15.75], "uv_size": [1, -0.75]}
							}
						},
						{
							"origin": [-0.5, 11, 3.75],
							"size": [1, 1, 7],
							"uv": {
								"north": {"uv": [16, 11], "uv_size": [1, 1]},
								"east": {"uv": [50, 18.75], "uv_size": [21.875, 3.125]},
								"south": {"uv": [2, 19], "uv_size": [1, 1]},
								"west": {"uv": [10, 12], "uv_size": [7, 1]},
								"up": {"uv": [6, 11], "uv_size": [1, 7]},
								"down": {"uv": [7, 18], "uv_size": [1, -7]}
							}
						},
						{
							"origin": [-0.5, 7, 4.25],
							"size": [0.5, 4, 6],
							"uv": {
								"north": {"uv": [71.875, 59.375], "uv_size": [3.125, 12.5]},
								"east": {"uv": [0, 34.375], "uv_size": [18.75, 12.5]},
								"south": {"uv": [62.5, 71.875], "uv_size": [3.125, 12.5]},
								"west": {"uv": [8, 0], "uv_size": [6, 4]},
								"up": {"uv": [25, 53.125], "uv_size": [3.125, 18.75]},
								"down": {"uv": [28.125, 71.875], "uv_size": [3.125, -18.75]}
							}
						},
						{
							"origin": [-0.5, 6.25, 3.5],
							"size": [1, 0.75, 7.5],
							"uv": {
								"north": {"uv": [16, 19], "uv_size": [1, 0.75]},
								"east": {"uv": [50, 6.25], "uv_size": [25, 3.125]},
								"south": {"uv": [19, 16], "uv_size": [1, 0.75]},
								"west": {"uv": [10, 13], "uv_size": [7.5, 0.75]},
								"up": {"uv": [8, 10], "uv_size": [1, 7.5]},
								"down": {"uv": [9, 17.5], "uv_size": [1, -7.5]}
							}
						}
					]
				},
				{
					"name": "bone3",
					"parent": "bone",
					"pivot": [7, 0.25, 7.25],
					"cubes": [
						{
							"origin": [-0.5, 0.5, 4.05],
							"size": [1, 1, 1],
							"pivot": [0, 0.5, 4.75],
							"rotation": [45, 0, 0],
							"uv": {
								"north": {"uv": [19, 2], "uv_size": [1, 1]},
								"east": {"uv": [3, 19], "uv_size": [1, 1]},
								"south": {"uv": [19, 3], "uv_size": [1, 1]},
								"west": {"uv": [4, 19], "uv_size": [1, 1]},
								"up": {"uv": [19, 4], "uv_size": [1, 1]},
								"down": {"uv": [5, 20], "uv_size": [1, -1]}
							}
						},
						{
							"origin": [-0.5, 0, 4.25],
							"size": [1, 1.25, 6],
							"uv": {
								"north": {"uv": [17, 11], "uv_size": [1, 1.25]},
								"east": {"uv": [10, 10], "uv_size": [6, 1.25]},
								"south": {"uv": [0, 19], "uv_size": [1, 1.25]},
								"west": {"uv": [0, 11], "uv_size": [6, 1.25]},
								"up": {"uv": [4, 13], "uv_size": [1, 6]},
								"down": {"uv": [13, 10], "uv_size": [1, -6]}
							}
						},
						{
							"origin": [-0.5, 0.75, 9.75],
							"size": [1, 5.5, 1.25],
							"uv": {
								"north": {"uv": [12, 14], "uv_size": [1, 5.5]},
								"east": {"uv": [53.125, 56.25], "uv_size": [3.125, 18.75]},
								"south": {"uv": [13, 14], "uv_size": [1, 5.5]},
								"west": {"uv": [2, 13], "uv_size": [1.25, 5.5]},
								"up": {"uv": [19, 0], "uv_size": [1, 1.25]},
								"down": {"uv": [1, 20.25], "uv_size": [1, -1.25]}
							}
						},
						{
							"origin": [-0.5, 0.75, 3.5],
							"size": [1, 5.5, 1.25],
							"uv": {
								"north": {"uv": [5, 13], "uv_size": [1, 5.5]},
								"east": {"uv": [62.5, 34.375], "uv_size": [3.125, 18.75]},
								"south": {"uv": [14, 0], "uv_size": [1, 5.5]},
								"west": {"uv": [0, 13], "uv_size": [1.25, 5.5]},
								"up": {"uv": [14, 6], "uv_size": [1, 1.25]},
								"down": {"uv": [14, 9.25], "uv_size": [1, -1.25]}
							}
						},
						{
							"origin": [-0.5, 0.5, 10.05],
							"size": [1, 1, 1],
							"pivot": [0, 0.5, 10.75],
							"rotation": [45, 0, 0],
							"uv": {
								"north": {"uv": [19, 5], "uv_size": [1, 1]},
								"east": {"uv": [19, 6], "uv_size": [1, 1]},
								"south": {"uv": [19, 7], "uv_size": [1, 1]},
								"west": {"uv": [19, 11], "uv_size": [1, 1]},
								"up": {"uv": [19, 12], "uv_size": [1, 1]},
								"down": {"uv": [19, 14], "uv_size": [1, -1]}
							}
						},
						{
							"origin": [-0.74178, 1.08652, 4.75],
							"size": [1, 1.75, 5],
							"pivot": [-0.24178, 2.08652, 7.25],
							"rotation": [0, 0, -15],
							"uv": {
								"north": {"uv": [75, 25], "uv_size": [3.125, 6.25]},
								"east": {"uv": [43.75, 34.375], "uv_size": [15.625, 6.25]},
								"south": {"uv": [75, 31.25], "uv_size": [3.125, 6.25]},
								"west": {"uv": [8, 6], "uv_size": [5, 1.75]},
								"up": {"uv": [14, 14], "uv_size": [1, 5]},
								"down": {"uv": [15, 5], "uv_size": [1, -5]}
							}
						},
						{
							"origin": [-0.70239, 4.68507, 4.75],
							"size": [1, 1.75, 5],
							"pivot": [-0.20239, 5.68507, 7.25],
							"rotation": [0, 0, 17.5],
							"uv": {
								"north": {"uv": [75, 37.5], "uv_size": [3.125, 6.25]},
								"east": {"uv": [0, 46.875], "uv_size": [15.625, 6.25]},
								"south": {"uv": [43.75, 75], "uv_size": [3.125, 6.25]},
								"west": {"uv": [8, 8], "uv_size": [5, 1.75]},
								"up": {"uv": [15, 5], "uv_size": [1, 5]},
								"down": {"uv": [15, 19], "uv_size": [1, -5]}
							}
						},
						{
							"origin": [-0.5, 2.75, 4.75],
							"size": [0.5, 2, 5],
							"uv": {
								"north": {"uv": [75, 43.75], "uv_size": [3.125, 6.25]},
								"east": {"uv": [43.75, 46.875], "uv_size": [15.625, 6.25]},
								"south": {"uv": [46.875, 75], "uv_size": [3.125, 6.25]},
								"west": {"uv": [8, 4], "uv_size": [5, 2]},
								"up": {"uv": [18, 11], "uv_size": [0.5, 5]},
								"down": {"uv": [18, 21], "uv_size": [0.5, -5]}
							}
						}
					]
				},
				{
					"name": "bone2",
					"parent": "bone",
					"pivot": [0.5, 10, 7.25]
				}
			],
			"item_display_transforms": {
				"thirdperson_righthand": {
					"rotation": [179, -1, 179],
					"translation": [0, 1, 4],
					"scale": [0.4, 0.4, 0.4],
					"rotation_pivot": [0, 0, 0],
					"scale_pivot": [0, 0, 0]
				},
				"thirdperson_lefthand": {
					"rotation": [179, -1, 179],
					"translation": [0, 1, 4],
					"scale": [0.4, 0.4, 0.4],
					"rotation_pivot": [0, 0, 0],
					"scale_pivot": [0, 0, 0]
				},
				"firstperson_righthand": {
					"rotation": [-180, 0, -180],
					"translation": [8, 0, -2],
					"scale": [1, 1, 1],
					"rotation_pivot": [0, 0, 0],
					"scale_pivot": [0, 0, 0]
				},
				"firstperson_lefthand": {
					"rotation": [-180, 0, -180],
					"translation": [8, 0, -2],
					"scale": [1, 1, 1],
					"rotation_pivot": [0, 0, 0],
					"scale_pivot": [0, 0, 0]
				},
				"ground": {
					"rotation": [0, 0, 0],
					"translation": [0, 5.75, -7],
					"scale": [1, 1, 1],
					"rotation_pivot": [0, 0, 0],
					"scale_pivot": [0, 0, 0]
				},
				"gui": {
					"rotation": [0, -180, 0],
					"translation": [0, 2, 0],
					"scale": [1, 1, 1],
					"rotation_pivot": [0, 0, 0],
					"scale_pivot": [0, 0, 0],
					"fit_to_frame": false
				},
				"fixed": {
					"rotation": [0, 0, 0],
					"translation": [0, 0, -6.75],
					"scale": [1, 1, 1],
					"rotation_pivot": [0, 0, 0],
					"scale_pivot": [0, 0, 0]
				}
			}
		}
	]
}