{ 
  "format_version": "1.20.20", 
  "minecraft:block": { 
    "description": { 
      "identifier": "scp:control_door",
      "menu_category": {
        "category": "construction",
        "group": "itemGroup.name.planks"
       },
      "traits": {
        "minecraft:placement_position": {
          "enabled_states": ["minecraft:block_face"]
        }
      },
      "states": {
        "door:open": [0, 1, 2, 3, 4, 5, 6, 7, 8, 9, 10]
      }
    },
   "components": {
    "scp:control_door":{
      "control": "door:open"
    },
    "minecraft:geometry": "geometry.control_door", 
    "minecraft:material_instances": {
     "*": { 
      "texture": "control_door_0",
      "render_method": "alpha_test"
     } 
    },
    "minecraft:collision_box": {
      "origin": [0, 0, 0],
      "size": [0, 0, 0]
    },
    "minecraft:selection_box":{
      "origin": [-4,0,6],
      "size": [7.5,12,2]
    }
   },
   "permutations": [
      {
        "condition": "q.block_state('minecraft:block_face') == 'down'",
        "components": {
          "minecraft:transformation": { "rotation": [-90, 0, 0] }
        }
      },
      {
        "condition": "q.block_state('minecraft:block_face') == 'up'",
        "components": {
          "minecraft:transformation": { "rotation": [90, 0, 0] }
        }
      },
      {
        "condition": "q.block_state('minecraft:block_face') == 'north'",
        "components": {
          "minecraft:transformation": { "rotation": [0, 0, 0] }
        }
      },
      {
        "condition": "q.block_state('minecraft:block_face') == 'west'",
        "components": {
          "minecraft:transformation": { "rotation": [0, 90, 0] }
        }
      },
      {
        "condition": "q.block_state('minecraft:block_face') == 'south'",
        "components": {
          "minecraft:transformation": { "rotation": [0, 180, 0] }
        }
      },
      {
        "condition": "q.block_state('minecraft:block_face') == 'east'",
        "components": {
          "minecraft:transformation": { "rotation": [0, -90, 0] }
        }
      },
      {
        "condition": "q.block_state('door:open') == 0",
        "components": {
          "minecraft:material_instances": {
            "*": { 
              "texture": "control_door_0",
              "render_method": "alpha_test"
            } 
          }
        }
      },
      {
        "condition": "q.block_state('door:open') == 1",
        "components": {
          "minecraft:material_instances": {
            "*": { 
              "texture": "control_door_1",
              "render_method": "alpha_test"
            } 
          }
        }
      },
      {
        "condition": "q.block_state('door:open') == 2",
        "components": {
          "minecraft:material_instances": {
            "*": { 
              "texture": "control_door_2",
              "render_method": "alpha_test"
            } 
          }
        }
      },
      {
        "condition": "q.block_state('door:open') == 3",
        "components": {
          "minecraft:material_instances": {
            "*": { 
              "texture": "control_door_3",
              "render_method": "alpha_test"
            } 
          }
        }
      },
      {
        "condition": "q.block_state('door:open') == 4",
        "components": {
          "minecraft:material_instances": {
            "*": { 
              "texture": "control_door_4",
              "render_method": "alpha_test"
            } 
          }
        }
      },
      {
        "condition": "q.block_state('door:open') == 5",
        "components": {
          "minecraft:material_instances": {
            "*": { 
              "texture": "control_door_5",
              "render_method": "alpha_test"
            } 
          }
        }
      },
      {
        "condition": "q.block_state('door:open') == 6",
        "components": {
          "minecraft:material_instances": {
            "*": { 
              "texture": "control_door_6",
              "render_method": "alpha_test"
            } 
          }
        }
      },
      {
        "condition": "q.block_state('door:open') == 7",
        "components": {
          "minecraft:material_instances": {
            "*": { 
              "texture": "control_door_7",
              "render_method": "alpha_test"
            } 
          }
        }
      },
      {
        "condition": "q.block_state('door:open') == 8",
        "components": {
          "minecraft:material_instances": {
            "*": { 
              "texture": "control_door_8",
              "render_method": "alpha_test"
            } 
          }
        }
      },
      {
        "condition": "q.block_state('door:open') == 9",
        "components": {
          "minecraft:material_instances": {
            "*": { 
              "texture": "control_door_9",
              "render_method": "alpha_test"
            } 
          }
        }
      },
      {
        "condition": "q.block_state('door:open') == 10",
        "components": {
          "minecraft:material_instances": {
            "*": { 
              "texture": "control_door_10",
              "render_method": "alpha_test"
            } 
          }
        }
      }
    ]
  } 
} 