{
	"format_version": "1.12.0",
	"minecraft:geometry": [
		{
			"description": {
				"identifier": "geometry.small_door_upper_close",
				"texture_width": 64,
				"texture_height": 64,
				"visible_bounds_width": 2,
				"visible_bounds_height": 2.5,
				"visible_bounds_offset": [0, 0.75, 0]
			},
			"bones": [
				{
					"name": "bone",
					"pivot": [0, 0, 0]
				},
				{
					"name": "Left_part",
					"parent": "bone",
					"pivot": [0, 0, 0],
					"cubes": [
						{
							"origin": [-5.47449, -0.21649, -1],
							"size": [3, 16.25, 2],
							"pivot": [-2.47449, 16.03351, 0],
							"rotation": [0, 0, -10],
							"uv": {
								"north": {"uv": [10, 0], "uv_size": [3, 16.25]},
								"east": {"uv": [0, 0], "uv_size": [0, 0]},
								"south": {"uv": [13, 0], "uv_size": [3, 16.25]},
								"west": {"uv": [19, 0], "uv_size": [2, 16.25]},
								"down": {"uv": [23, 22], "uv_size": [3, -2]}
							}
						},
						{
							"origin": [-5, 0, -1],
							"size": [2.45, 16, 2],
							"uv": {
								"north": {"uv": [15, 17], "uv_size": [2.1875, 16]},
								"south": {"uv": [18, 17], "uv_size": [2.1875, 16]},
								"up": {"uv": [25, 12], "uv_size": [2.1875, 2]},
								"down": {"uv": [25, 16], "uv_size": [2.1875, -2]}
							}
						},
						{
							"origin": [-8, 0, -1],
							"size": [3, 16, 2],
							"uv": {
								"north": {"uv": [3, 16], "uv_size": [3, 16]},
								"east": {"uv": [21, 17], "uv_size": [2, 16]},
								"south": {"uv": [6, 16], "uv_size": [3, 16]},
								"up": {"uv": [23, 22], "uv_size": [3, 2]},
								"down": {"uv": [23, 26], "uv_size": [3, -2]}
							}
						},
						{
							"origin": [-1, 0, -1.1],
							"size": [2, 2, 2.2],
							"uv": {
								"north": {"uv": [27, 6], "uv_size": [2, 2]},
								"south": {"uv": [27, 8], "uv_size": [2, 2]},
								"up": {"uv": [26, 20], "uv_size": [2, 2.1875]},
								"down": {"uv": [23, 28.1875], "uv_size": [2, -2.1875]}
							}
						},
						{
							"origin": [-3.3, 1, -1.1],
							"size": [2.3, 1, 2.2],
							"pivot": [-1, 2, -1],
							"rotation": [0, 0, -60],
							"uv": {
								"north": {"uv": [27, 26], "uv_size": [2, 1]},
								"east": {"uv": [0, 0], "uv_size": [0, 0]},
								"south": {"uv": [27, 27], "uv_size": [2, 1]},
								"up": {"uv": [26, 23], "uv_size": [2, 2.1875]},
								"down": {"uv": [25, 28.1875], "uv_size": [2, -2.1875]}
							}
						},
						{
							"origin": [1.05, 1, -1.1],
							"size": [2.3, 1, 2.2],
							"pivot": [1, 2, -1],
							"rotation": [0, 0, 60],
							"uv": {
								"north": {"uv": [27, 10], "uv_size": [2, 1]},
								"south": {"uv": [27, 11], "uv_size": [2, 1]},
								"west": {"uv": [0, 0], "uv_size": [0, 0]},
								"up": {"uv": [25, 6], "uv_size": [2, 2.1875]},
								"down": {"uv": [25, 11.1875], "uv_size": [2, -2.1875]}
							}
						}
					]
				},
				{
					"name": "Right_part",
					"parent": "bone",
					"pivot": [0, 0, 0],
					"cubes": [
						{
							"origin": [-2.47449, -0.21649, -1],
							"size": [3, 16.25, 2],
							"pivot": [-2.47449, 16.03351, 0],
							"rotation": [0, 0, -10],
							"uv": {
								"north": {"uv": [0, 16], "uv_size": [3, 16.25]},
								"east": {"uv": [21, 0], "uv_size": [2, 16.25]},
								"south": {"uv": [16, 0], "uv_size": [3, 16.25]},
								"up": {"uv": [25, 0], "uv_size": [3, 2]}
							}
						},
						{
							"origin": [0, 0, -1],
							"size": [5, 16, 2],
							"uv": {
								"north": {"uv": [0, 0], "uv_size": [5, 16]},
								"south": {"uv": [5, 0], "uv_size": [5, 16]},
								"up": {"uv": [23, 16], "uv_size": [5, 2]},
								"down": {"uv": [23, 20], "uv_size": [5, -2]}
							}
						},
						{
							"origin": [5, 0, -1],
							"size": [3, 16, 2],
							"uv": {
								"north": {"uv": [9, 17], "uv_size": [3, 16]},
								"south": {"uv": [12, 17], "uv_size": [3, 16]},
								"west": {"uv": [23, 0], "uv_size": [2, 16]},
								"up": {"uv": [25, 2], "uv_size": [3, 2]},
								"down": {"uv": [25, 6], "uv_size": [3, -2]}
							}
						}
					]
				}
			]
		}
	]
}