{
	"format_version": "1.12.0",
	"minecraft:geometry": [
		{
			"description": {
				"identifier": "geometry.small_door_below_open",
				"texture_width": 64,
				"texture_height": 64,
				"visible_bounds_width": 4,
				"visible_bounds_height": 2.5,
				"visible_bounds_offset": [0, 0.75, 0]
			},
			"bones": [
				{
					"name": "bone",
					"pivot": [0, 0, 0]
				},
				{
					"name": "Left_part",
					"parent": "bone",
					"pivot": [-8, 0, 0],
					"cubes": [
						{
							"origin": [-11.3473, -0.28038, -1],
							"size": [3, 14.25, 2],
							"pivot": [-8.3473, 15.96962, 0],
							"rotation": [0, 0, -10],
							"uv": {
								"north": {"uv": [16, 16], "uv_size": [3, 14.25]},
								"south": {"uv": [9, 17], "uv_size": [3, 14.25]},
								"west": {"uv": [0, 0], "uv_size": [0, 0]},
								"down": {"uv": [31, 23], "uv_size": [3, -2]}
							}
						},
						{
							"origin": [-13, 0, -1],
							"size": [5, 16, 2],
							"uv": {
								"north": {"uv": [0, 0], "uv_size": [5, 16]},
								"south": {"uv": [5, 0], "uv_size": [5, 16]},
								"up": {"uv": [31, 15], "uv_size": [5, 2]},
								"down": {"uv": [31, 19], "uv_size": [5, -2]}
							}
						},
						{
							"origin": [-16, 0, -1],
							"size": [3, 16, 2],
							"uv": {
								"north": {"uv": [0, 16], "uv_size": [3, 16]},
								"east": {"uv": [24, 0], "uv_size": [2, 16]},
								"south": {"uv": [16, 0], "uv_size": [3, 16]},
								"up": {"uv": [31, 23], "uv_size": [3, 2]},
								"down": {"uv": [31, 27], "uv_size": [3, -2]}
							}
						},
						{
							"origin": [-8, 14, -1.1],
							"size": [1, 2.3, 2.2],
							"pivot": [-7, 14, 0],
							"rotation": [0, 0, 30],
							"uv": {
								"north": {"uv": [15, 17], "uv_size": [1, 2]},
								"east": {"uv": [17, 31], "uv_size": [2, 2]},
								"south": {"uv": [15, 19], "uv_size": [1, 2]},
								"west": {"uv": [3, 32], "uv_size": [2, 2]},
								"up": {"uv": [15, 21], "uv_size": [1, 2]},
								"down": {"uv": [15, 25], "uv_size": [1, -2]}
							}
						},
						{
							"origin": [-9, 14, -1.1],
							"size": [2, 2, 2.2],
							"uv": {
								"north": {"uv": [32, 4], "uv_size": [2, 2]},
								"south": {"uv": [32, 6], "uv_size": [2, 2]},
								"up": {"uv": [32, 8], "uv_size": [2, 2]},
								"down": {"uv": [9, 34], "uv_size": [2, -2]}
							}
						},
						{
							"origin": [-9, 14, -1.1],
							"size": [1, 2.3, 2.2],
							"pivot": [-9, 14, 0],
							"rotation": [0, 0, -30],
							"uv": {
								"north": {"uv": [15, 25], "uv_size": [1, 2]},
								"east": {"uv": [32, 10], "uv_size": [2, 2]},
								"south": {"uv": [15, 27], "uv_size": [1, 2]},
								"west": {"uv": [32, 12], "uv_size": [2, 2]},
								"up": {"uv": [15, 29], "uv_size": [1, 2]},
								"down": {"uv": [11, 34], "uv_size": [1, -2]}
							}
						}
					]
				},
				{
					"name": "Right_part",
					"parent": "bone",
					"pivot": [6, 0, 0],
					"cubes": [
						{
							"origin": [5.6, -0.25, -1],
							"size": [3, 16.25, 2],
							"pivot": [5.6, 16, 0],
							"rotation": [0, 0, -10],
							"uv": {
								"north": {"uv": [10, 0], "uv_size": [3, 16.25]},
								"east": {"uv": [0, 0], "uv_size": [0, 0]},
								"south": {"uv": [13, 0], "uv_size": [3, 16.25]},
								"up": {"uv": [31, 27], "uv_size": [3, 2]}
							}
						},
						{
							"origin": [8.5, 0, -1],
							"size": [2.5, 16, 2],
							"uv": {
								"north": {"uv": [12, 17], "uv_size": [2.5, 16]},
								"south": {"uv": [19, 0], "uv_size": [2.5, 16]},
								"up": {"uv": [32, 0], "uv_size": [2.5, 2]},
								"down": {"uv": [32, 4], "uv_size": [2.5, -2]}
							}
						},
						{
							"origin": [11, 0, -1],
							"size": [3, 16, 2],
							"uv": {
								"north": {"uv": [3, 16], "uv_size": [3, 16]},
								"south": {"uv": [6, 16], "uv_size": [3, 16]},
								"west": {"uv": [29, 16], "uv_size": [2, 16]},
								"up": {"uv": [31, 31], "uv_size": [3, 2]},
								"down": {"uv": [0, 34], "uv_size": [3, -2]}
							}
						}
					]
				}
			]
		}
	]
}