{
	"format_version": "1.12.0",
	"minecraft:geometry": [
		{
			"description": {
				"identifier": "geometry.small_door_below_null",
				"texture_width": 16,
				"texture_height": 16,
				"visible_bounds_width": 3,
				"visible_bounds_height": 1.5,
				"visible_bounds_offset": [0, 0.25, 0]
			},
			"bones": [
				{
					"name": "bone",
					"pivot": [0, 0, 0],
					"cubes": [
						{
							"origin": [-8, 0, -1],
							"size": [1, 1, 1],
							"uv": {
								"north": {"uv": [14, 14], "uv_size": [2, 2]},
								"east": {"uv": [14, 14], "uv_size": [2, 2]},
								"south": {"uv": [14, 14], "uv_size": [2, 2]},
								"west": {"uv": [14, 14], "uv_size": [2, 2]},
								"up": {"uv": [14, 14], "uv_size": [2, 2]},
								"down": {"uv": [14, 16], "uv_size": [2, -2]}
							}
						}
					]
				}
			]
		}
	]
}