{
	"format_version": "1.12.0",
	"minecraft:geometry": [
		{
			"description": {
				"identifier": "geometry.small_door_entity_west",
				"texture_width": 16,
				"texture_height": 16,
				"visible_bounds_width": 2,
				"visible_bounds_height": 2.5,
				"visible_bounds_offset": [0, 0.75, 0]
			},
			"bones": [
				{
					"name": "bone",
					"pivot": [0, 0, 0],
					"rotation": [0, -90, 0]
				},
				{
					"name": "Left_part",
					"parent": "bone",
					"pivot": [0, 0, 0],
					"cubes": [
						{
							"origin": [-3.3473, -0.28038, -1],
							"size": [3, 14.25, 2],
							"pivot": [-0.3473, 15.96962, 0],
							"rotation": [0, 0, -10],
							"uv": {
								"north": {"uv": [4, 4], "uv_size": [0.75, 3.5625]},
								"south": {"uv": [2.25, 4.25], "uv_size": [0.75, 3.5625]},
								"west": {"uv": [0, 0], "uv_size": [0, 0]},
								"down": {"uv": [7.75, 5.75], "uv_size": [0.75, -0.5]}
							}
						},
						{
							"origin": [-5, 0, -1],
							"size": [5, 16, 2],
							"uv": {
								"north": {"uv": [0, 0], "uv_size": [1.25, 4]},
								"south": {"uv": [1.25, 0], "uv_size": [1.25, 4]},
								"up": {"uv": [7.75, 3.75], "uv_size": [1.25, 0.5]},
								"down": {"uv": [7.75, 4.75], "uv_size": [1.25, -0.5]}
							}
						},
						{
							"origin": [-8, 0, -1],
							"size": [3, 16, 2],
							"uv": {
								"north": {"uv": [0, 4], "uv_size": [0.75, 4]},
								"east": {"uv": [6, 0], "uv_size": [0.5, 4]},
								"south": {"uv": [4, 0], "uv_size": [0.75, 4]},
								"up": {"uv": [7.75, 5.75], "uv_size": [0.75, 0.5]},
								"down": {"uv": [7.75, 6.75], "uv_size": [0.75, -0.5]}
							}
						},
						{
							"origin": [0, 14, -1.1],
							"size": [1, 2.25, 2.2],
							"pivot": [1, 14, 0],
							"rotation": [0, 0, 30],
							"uv": {
								"north": {"uv": [3.75, 4.25], "uv_size": [0.25, 0.5]},
								"east": {"uv": [4.25, 7.75], "uv_size": [0.5, 0.5]},
								"south": {"uv": [3.75, 4.75], "uv_size": [0.25, 0.5]},
								"west": {"uv": [0.75, 8], "uv_size": [0.5, 0.5]},
								"up": {"uv": [3.75, 5.25], "uv_size": [0.25, 0.5]},
								"down": {"uv": [3.75, 6.25], "uv_size": [0.25, -0.5]}
							}
						},
						{
							"origin": [-1, 14, -1.1],
							"size": [2, 2, 2.2],
							"uv": {
								"north": {"uv": [8, 1], "uv_size": [0.5, 0.5]},
								"east": {"uv": [1.25, 8], "uv_size": [0.5, 0.5]},
								"south": {"uv": [8, 1.5], "uv_size": [0.5, 0.5]},
								"up": {"uv": [8, 2], "uv_size": [0.5, 0.5]},
								"down": {"uv": [2.25, 8.5], "uv_size": [0.5, -0.5]}
							}
						},
						{
							"origin": [-1, 14, -1.1],
							"size": [1, 2.25, 2.2],
							"pivot": [-1, 14, 0],
							"rotation": [0, 0, -30],
							"uv": {
								"north": {"uv": [3.75, 6.25], "uv_size": [0.25, 0.5]},
								"east": {"uv": [8, 2.5], "uv_size": [0.5, 0.5]},
								"south": {"uv": [3.75, 6.75], "uv_size": [0.25, 0.5]},
								"west": {"uv": [8, 3], "uv_size": [0.5, 0.5]},
								"up": {"uv": [3.75, 7.25], "uv_size": [0.25, 0.5]},
								"down": {"uv": [2.75, 8.5], "uv_size": [0.25, -0.5]}
							}
						}
					]
				},
				{
					"name": "Right_part",
					"parent": "bone",
					"pivot": [0, 0, 0],
					"cubes": [
						{
							"origin": [-0.4, -0.25, -1],
							"size": [3, 16.25, 2],
							"pivot": [-0.4, 16, 0],
							"rotation": [0, 0, -10],
							"uv": {
								"north": {"uv": [2.5, 0], "uv_size": [0.75, 4.0625]},
								"east": {"uv": [0, 0], "uv_size": [0, 0]},
								"south": {"uv": [3.25, 0], "uv_size": [0.75, 4.0625]},
								"up": {"uv": [7.75, 6.75], "uv_size": [0.75, 0.5]},
								"down": {"uv": [7.75, 7.75], "uv_size": [0.75, -0.5]}
							}
						},
						{
							"origin": [2.5, 0, -1],
							"size": [2.5, 16, 2],
							"uv": {
								"north": {"uv": [3, 4.25], "uv_size": [0.625, 4]},
								"south": {"uv": [4.75, 0], "uv_size": [0.625, 4]},
								"up": {"uv": [8, 0], "uv_size": [0.625, 0.5]},
								"down": {"uv": [8, 1], "uv_size": [0.625, -0.5]}
							}
						},
						{
							"origin": [5, 0, -1],
							"size": [3, 16, 2],
							"uv": {
								"north": {"uv": [0.75, 4], "uv_size": [0.75, 4]},
								"south": {"uv": [1.5, 4], "uv_size": [0.75, 4]},
								"west": {"uv": [7.25, 4], "uv_size": [0.5, 4]},
								"up": {"uv": [7.75, 7.75], "uv_size": [0.75, 0.5]},
								"down": {"uv": [0, 8.5], "uv_size": [0.75, -0.5]}
							}
						}
					]
				}
			]
		}
	]
}