{
    "format_version": "1.10.0",
    "minecraft:client_entity": {
        "description": {
            "identifier": "scp:small_door_entity_north",
            "materials": {
                "default": "entity"
            },
            "textures": {
                "default": "textures/entity/small_door_entity"
            },
            "geometry": {
                "default": "geometry.small_door_entity_north"
            },
            "animations": {
                "small_door_entity_north_close": "animation.small_door_entity_north_close",
                "small_door_entity_north_open": "animation.small_door_entity_north_open",
                "open": "controller.animation.small_door_entity_north"
	        },
	        "scripts": {
		        "animate": ["open"]
	        },
            "render_controllers": [
                "controller.render.default"
            ]
        }
    }
}