{
	"format_version": "1.8.0",
	"animations": {
		"animation.small_door_entity_west_close": {
			"loop": "hold_on_last_frame",
			"animation_length": 1.5,
			"bones": {
				"Left_part": {
					"position": {
						"0.0": {
							"post": [-8, 0, 0],
							"lerp_mode": "catmullrom"
						},
						"1.5": {
							"post": [0, 0, 0],
							"lerp_mode": "catmullrom"
						}
					}
				},
				"Right_part": {
					"position": {
						"0.0": {
							"post": [6, 0, 0],
							"lerp_mode": "catmullrom"
						},
						"1.5": {
							"post": [0, 0, 0],
							"lerp_mode": "catmullrom"
						}
					}
				}
			}
		}
	}
}