{
  "format_version": "1.16.0",
  "minecraft:attachable": {
    "description": {
      "identifier": "scp:janitor_keycard",
      "materials": {
        "default": "entity_emissive",
        "enchanted": "entity_alphatest_glint"
      },
      "textures": {
        "default": "textures/items/janitor_keycard",
        "enchanted": "textures/misc/enchanted_item_glint"
      },
      "geometry": {
        "default": "geometry.janitor_keycard"
      },
      "animations": {
        "scp_keycard_idle": "animation.scp.keycard.idle"
      },
      "scripts": {
        "animate": [
          {"scp_keycard_idle" : "context.is_first_person"}
        ]
      },
      "render_controllers": [ "controller.render.item_default" ]
    }
  }
}
  