{
    "format_version": "1.16.0",
    "minecraft:attachable": {
      "description": {
        "identifier": "scp:research_supervisor_keycard",
        "materials": {
          "default": "entity_emissive",
          "enchanted": "entity_alphatest_glint"
        },
        "textures": {
          "default": "textures/items/research_supervisor_keycard",
          "enchanted": "textures/misc/enchanted_item_glint"
        },
        "geometry": {
          "default": "geometry.research_supervisor_keycard"
        },
        "animations": {
          "scp_keycard_idle": "animation.scp.keycard.idle"
        },
        "scripts": {
          "animate": [
            {"scp_keycard_idle" : "context.is_first_person"}
          ]
        },
        "render_controllers": [ "controller.render.item_default" ]
      }
    }
  }
  